{
  "dopamine": 0.4416361519592586,
  "serotonin": 0.4430031925184427,
  "cortisol": 0.7256685142674235,
  "oxytocin": 0.58
}